nome,registro,proprietario,observacoes
Spook Off Sparks,,,Extra?do da aba Aberto N1 N2 N3 N4
Brown Sugar Dunit,,,Extra?do da aba Aberto N1 N2 N3 N4
Gunner N Spook,,,Extra?do da aba Aberto N1 N2 N3 N4
Shine Gottachic,,,Extra?do da aba Aberto N1 N2 N3 N4
Big Shot Galo FMM,,,Extra?do da aba Aberto N1 N2 N3 N4
Gunna N Tag,,,Extra?do da aba Aberto N1 N2 N3 N4
Hollycat,,,Extra?do da aba Aberto N1 N2 N3 N4
Magnum Whiz,,,Extra?do da aba Aberto N1 N2 N3 N4
Gunner Yellow Tari,,,Extra?do da aba Aberto N1 N2 N3 N4
Genuine Whyzkey,,,Extra?do da aba Aberto N1 N2 N3 N4
Gameover Hollygun QR,,,Extra?do da aba Aberto N1 N2 N3 N4
Chex Out My Magnum,,,Extra?do da aba Aberto N1 N2 N3 N4
Quality Whiz Key Kid (T.E.),,,Extra?do da aba Aberto N1 N2 N3 N4
Pop N Whiz,,,Extra?do da aba Aberto N1 N2 N3 N4
Tinseltown O'Lena,,,Extra?do da aba Aberto N1 N2 N3 N4
Crash My Tag,,,Extra?do da aba Aberto N1 N2 N3 N4
Doc Smooth Quixote,,,Extra?do da aba Aberto N1 N2 N3 N4
Gunner Jay Boy,,,Extra?do da aba Aberto N1 N2 N3 N4
Great Gunner Whiz,,,Extra?do da aba Aberto N1 N2 N3 N4
Booonfreckles Lena,,,Extra?do da aba Aberto N1 N2 N3 N4
Hollywood gun girl,,,Extra?do da aba Aberto N1 N2 N3 N4
Playboy Spook,,,Extra?do da aba Aberto N1 N2 N3 N4
Whizkey By Chic,,,Extra?do da aba Aberto N1 N2 N3 N4
Walla Wimpys R3G,,,Extra?do da aba Aberto N1 N2 N3 N4
Shez Don Spook,,,Extra?do da aba Aberto N1 N2 N3 N4
Dun It Crome Again,,,Extra?do da aba Aberto N1 N2 N3 N4
Special Cash,,,Extra?do da aba Aberto N1 N2 N3 N4
Bignology,,,Extra?do da aba Aberto N1 N2 N3 N4
Shine Face Gun,,,Extra?do da aba Aberto N1 N2 N3 N4
LGV Marcspectorguns,,,Extra?do da aba Aberto N1 N2 N3 N4
Einstein Spook,,,Extra?do da aba Aberto N1 N2 N3 N4
Shes The Last Custom Kid,,,Extra?do da aba Aberto N1 N2 N3 N4
Yellow Dunit Again,,,Extra?do da aba Aberto N1 N2 N3 N4
Top Gray Max,,,Extra?do da aba Aberto N1 N2 N3 N4
Whizkey On Ice,,,Extra?do da aba Aberto N1 N2 N3 N4
Woodswallagun,,,Extra?do da aba Aberto N1 N2 N3 N4
Mailyspook Calibur,,,Extra?do da aba Aberto N1 N2 N3 N4
Titaniun Again,,,Extra?do da aba Aberto N1 N2 N3 N4
Whiz A Tricked Mil,,,Extra?do da aba Aberto N1 N2 N3 N4
Tinseltowngun,,,Extra?do da aba Aberto N1 N2 N3 N4
